Character,mean_x,std_x,mean_y,std_y,mean_pressure,std_pressure,points_count
ا,0.2519579199708187,0.0028379225091231613,0.24647044947048566,0.07403836124686643,0.9259038058630479,0.059286137982646495,13.88
ب,0.2674909133041328,0.02654847888704603,0.27545702329863614,0.007236340123186571,0.9837395399582002,0.012505225174222754,18.509615384615383
ت,0.24733027908303307,0.040007976779245565,0.42419122123195396,0.010381201637700316,0.9707585929893296,0.023356884443473,22.207920792079207
